taskNum,completionTime,angleDiff,errors
1,5863,2.2930837,0
2,10744,2.3437264,0
3,10863,3.01999,0
4,7060,1.5480984,0
5,8395,3.6671002,0
