taskNum,completionTime,angleDiff,errors
1,44443,1.9200308,1
2,41912,0.8146883,0
3,11843,1.1336553,0
4,11194,3.1950586,0
5,8132,1.1829826,0
6,7496,1.6673738,0
7,7396,4.2541375,0
8,29649,4.2969832,1
9,13776,3.8898196,0
10,6632,2.289326,0
