taskNum,completionTime,angleDiff,errors
1,5822,1.0256371,0
2,10498,3.3155322,0
3,13875,2.8241694,0
4,20652,4.472668,0
5,9653,2.9595096,0
6,8530,1.2759292,0
7,18729,4.2545056,0
8,7283,4.4709177,0
9,6714,0.8891079,0
10,12831,0.60392934,0
